customer_id,customer_name,country,customer_type,registration_date,loyalty_tier
CUST000001,Brittany Shah,UAE,Individual,2025-09-07,Silver
CUST000002,Andrew Newman,Japan,Corporate,2023-07-22,Silver
CUST000003,Tina Schmidt,India,Fleet,2022-01-14,Gold
CUST000004,Jonathon Marquez,Australia,Corporate,2024-03-08,Silver
CUST000005,Richard Lawrence,Canada,Corporate,2022-02-09,Gold
CUST000006,Mason Stevens,USA,Corporate,2023-07-16,Gold
CUST000007,Cindy Mcbride,Germany,Fleet,2023-11-02,Silver
CUST000008,Charles Murphy,Australia,Fleet,2022-08-10,Platinum
CUST000009,Brian Soto,India,Corporate,2024-05-13,Gold
CUST000010,Christine Guerrero,Australia,Individual,2024-08-19,Silver
CUST000011,Mike Estrada,India,Corporate,2023-06-13,Gold
CUST000012,Casey Johnston,USA,Individual,2021-10-30,Silver
CUST000013,William Navarro,Japan,Individual,2025-10-16,Silver
CUST000014,Christopher Hendrix,Germany,Corporate,2022-05-14,Gold
CUST000015,Kendra Jones,USA,Corporate,2022-08-13,Silver
CUST000016,Kathryn Brown,Japan,Corporate,2025-04-14,Gold
CUST000017,Dominique Rivera,UAE,Corporate,2022-08-30,Silver
CUST000018,Stephanie Castaneda,Germany,Corporate,2022-11-02,Silver
CUST000019,Cheryl Soto,Australia,Corporate,2024-08-08,Platinum
CUST000020,Brianna Wise,Germany,Corporate,2025-06-21,Platinum
CUST000021,Heather Diaz,Canada,Corporate,2023-09-19,Silver
CUST000022,Pam Stokes,UAE,Corporate,2023-01-25,Platinum
CUST000023,Jessica Cox,Australia,Corporate,2022-01-15,Gold
CUST000024,Jasmine French,Japan,Individual,2022-04-23,Silver
CUST000025,Stacey Schneider,Canada,Corporate,2023-01-08,Gold
CUST000026,Richard Keith,India,Individual,2024-03-14,Platinum
CUST000027,Stacey Little,UAE,Corporate,2022-01-27,Silver
CUST000028,Lori Reid MD,Australia,Fleet,2025-06-23,Gold
CUST000029,Lori Lara,Australia,Individual,2022-11-07,Platinum
CUST000030,Samantha Garcia,Australia,Individual,2024-02-20,Silver
CUST000031,Johnny Underwood,USA,Corporate,2024-10-13,Platinum
CUST000032,Robert Atkins,Japan,Corporate,2025-07-16,Gold
CUST000033,Ronnie Parker,Australia,Fleet,2024-06-26,Silver
CUST000034,Christopher Pope,UAE,Individual,2025-01-13,Silver
CUST000035,Alison Trujillo,Germany,Corporate,2024-06-16,Gold
CUST000036,Taylor Bradley,USA,Fleet,2024-02-06,Silver
CUST000037,Daniel Campos,Germany,Corporate,2023-07-14,Platinum
CUST000038,Jeffrey Harris,Australia,Individual,2024-12-08,Platinum
CUST000039,Susan Martin,Canada,Corporate,2024-08-26,Platinum
CUST000040,Daniel Harrison,Canada,Corporate,2021-08-29,Platinum
CUST000041,Lisa Moore DVM,USA,Individual,2022-04-13,Gold
CUST000042,Anthony Roberts,Japan,Fleet,2025-05-09,Silver
CUST000043,Martin Brown,USA,Individual,2023-11-17,Gold
CUST000044,Charles Burgess,Japan,Individual,2022-09-21,Silver
CUST000045,Colleen Greene,Canada,Fleet,2022-03-01,Platinum
CUST000046,Andre Vargas,India,Fleet,2026-04-19,Platinum
CUST000047,Christopher Anthony,Australia,Individual,2022-09-02,Silver
CUST000048,Andrea Hernandez,India,Fleet,2024-04-10,Gold
CUST000049,Gregory Fields,UAE,Corporate,2024-02-07,Silver
CUST000050,Madison Moore,Australia,Corporate,2025-08-03,Silver
CUST000051,Heather White,India,Fleet,2026-03-16,Silver
CUST000052,Jason Foster,Australia,Corporate,2024-08-21,Silver
CUST000053,Cynthia Wood,India,Corporate,2024-01-22,Silver
CUST000054,Robert Villarreal,India,Individual,2025-02-03,Silver
CUST000055,Christopher King,USA,Corporate,2024-01-09,Silver
CUST000056,Jasmine Blake,Canada,Individual,2022-12-20,Gold
CUST000057,Richard Mccarty,USA,Individual,2022-09-06,Platinum
CUST000058,Ashley Lopez,Germany,Individual,2024-02-01,Platinum
CUST000059,Randy Bailey,USA,Individual,2025-02-17,Platinum
CUST000060,Grace Gilbert,UAE,Individual,2025-01-27,Silver
CUST000061,Phillip Johnson,India,Corporate,2022-03-25,Silver
CUST000062,Scott Jones,USA,Fleet,2022-02-28,Silver
CUST000063,Thomas Mccall,UAE,Fleet,2025-06-08,Silver
CUST000064,Terry Stewart,USA,Fleet,2022-05-06,Silver
CUST000065,Ryan Brown,UAE,Corporate,2022-07-08,Gold
CUST000066,Jasmin Gentry,Germany,Corporate,2023-04-19,Platinum
CUST000067,Lydia Mitchell,Australia,Corporate,2025-11-16,Platinum
CUST000068,Andrea Padilla,UAE,Corporate,2025-01-23,Platinum
CUST000069,Sarah Mccormick,India,Fleet,2026-05-16,Platinum
CUST000070,Tyrone Bates,Canada,Fleet,2021-12-07,Gold
CUST000071,Devin Gordon,Australia,Individual,2023-09-25,Silver
CUST000072,Stephen Rivera,India,Corporate,2022-06-23,Gold
CUST000073,Leslie Skinner,USA,Fleet,2022-12-17,Platinum
CUST000074,Kelsey Henderson,Japan,Fleet,2023-11-13,Silver
CUST000075,Sean Garrett,India,Corporate,2024-12-01,Gold
CUST000076,Mrs. Desiree Bender,USA,Individual,2025-02-05,Platinum
CUST000077,Audrey Garner,Japan,Individual,2021-11-27,Silver
CUST000078,Christopher Williams,Japan,Fleet,2023-05-26,Silver
CUST000079,Ryan Brock,Germany,Individual,2023-04-24,Platinum
CUST000080,Ricky Johnson,Japan,Corporate,2021-09-15,Platinum
CUST000081,Tracy Carpenter,Canada,Fleet,2022-07-23,Silver
CUST000082,Jason Brown,India,Individual,2022-10-07,Platinum
CUST000083,Andrew Ramirez,Australia,Corporate,2024-01-18,Platinum
CUST000084,Stephanie Green,Canada,Corporate,2023-06-19,Silver
CUST000085,Ricardo Briggs,UAE,Individual,2024-08-23,Gold
CUST000086,Raymond Thomas MD,Germany,Corporate,2025-08-14,Platinum
CUST000087,Melissa Scott,UAE,Fleet,2024-12-19,Gold
CUST000088,Megan Glover,India,Corporate,2025-12-04,Gold
CUST000089,Linda Jackson,UAE,Fleet,2022-12-08,Silver
CUST000090,Beth Wheeler,Canada,Corporate,2024-03-22,Silver
CUST000091,Mary Nelson,India,Fleet,2023-04-22,Gold
CUST000092,Colin Fisher,Canada,Corporate,2021-08-21,Gold
CUST000093,Matthew Rodriguez,Canada,Corporate,2022-09-18,Silver
CUST000094,James Curtis,UAE,Corporate,2024-10-30,Platinum
CUST000095,Valerie Aguilar,Australia,Individual,2024-08-14,Silver
CUST000096,Patrick Stewart,Australia,Fleet,2024-05-11,Silver
CUST000097,Ronnie Bradley,Canada,Individual,2023-12-11,Silver
CUST000098,Madeline Baker,Canada,Fleet,2024-02-06,Platinum
CUST000099,Joseph Fritz,Japan,Corporate,2024-10-19,Silver
CUST000100,Molly Daniel,Canada,Individual,2024-04-11,Platinum
CUST000101,Anne Anderson,Germany,Fleet,2024-08-09,Platinum
CUST000102,Tiffany Johnson MD,USA,Fleet,2021-08-19,Platinum
CUST000103,Rebecca Allen,Japan,Corporate,2025-04-02,Platinum
CUST000104,Chase Burns,USA,Fleet,2025-01-03,Platinum
CUST000105,Yvonne Lopez,India,Fleet,2023-08-08,Silver
CUST000106,Amy Austin,Germany,Individual,2025-09-15,Gold
CUST000107,Carolyn Baxter MD,Germany,Fleet,2022-11-06,Platinum
CUST000108,Kevin Terry,UAE,Corporate,2026-01-19,Silver
CUST000109,Dawn Thomas,India,Fleet,2025-02-28,Gold
CUST000110,Brittney Sexton,UAE,Fleet,2024-09-24,Platinum
CUST000111,Patricia Clark,Japan,Fleet,2021-12-03,Platinum
CUST000112,Jay Cox,Germany,Corporate,2022-03-06,Gold
CUST000113,Chad Contreras,USA,Corporate,2022-04-28,Silver
CUST000114,Andrew Vasquez,Japan,Corporate,2023-08-05,Silver
CUST000115,Deborah Aguirre,UAE,Fleet,2024-09-29,Silver
CUST000116,Marcus Medina,Japan,Individual,2022-01-08,Platinum
CUST000117,William Taylor,UAE,Corporate,2023-09-30,Platinum
CUST000118,Kenneth Hoover,Germany,Fleet,2025-12-17,Silver
CUST000119,Shirley Reed,Canada,Corporate,2025-11-22,Gold
CUST000120,Dylan Landry,Japan,Fleet,2025-12-18,Platinum
CUST000121,Elizabeth Anderson,UAE,Fleet,2025-02-19,Silver
CUST000122,Joshua Norris,Japan,Individual,2024-03-16,Gold
CUST000123,Maria Winters,India,Fleet,2021-12-06,Gold
CUST000124,Sarah Spencer,UAE,Individual,2025-03-12,Silver
CUST000125,Denise Reid,India,Individual,2024-07-11,Platinum
CUST000126,Lindsey Terry,USA,Individual,2023-07-10,Gold
CUST000127,Tyler Nelson,India,Fleet,2023-08-05,Gold
CUST000128,Melanie Morse,Japan,Corporate,2025-01-18,Silver
CUST000129,Marissa Kramer,Australia,Individual,2023-04-20,Platinum
CUST000130,Darrell Miller,Australia,Individual,2023-08-31,Gold
CUST000131,Jennifer Floyd,Australia,Corporate,2024-04-13,Platinum
CUST000132,Alexander Jones,UAE,Individual,2025-07-03,Silver
CUST000133,Gabriel Kelly,UAE,Fleet,2025-07-21,Gold
CUST000134,Adam Brandt Jr.,Australia,Corporate,2024-05-20,Silver
CUST000135,Michelle Cook,Germany,Corporate,2023-11-04,Silver
CUST000136,Amanda Baker,Canada,Corporate,2025-07-13,Silver
CUST000137,Jacob Wright,Australia,Corporate,2021-12-18,Gold
CUST000138,Mario Pruitt,UAE,Corporate,2026-04-02,Silver
CUST000139,Tanner Martin,India,Individual,2022-07-12,Platinum
CUST000140,Ryan Hernandez,USA,Corporate,2024-06-29,Silver
CUST000141,Tiffany White,UAE,Corporate,2022-11-21,Gold
CUST000142,Eric Foster,Japan,Individual,2023-05-31,Platinum
CUST000143,Mary Mitchell,UAE,Individual,2024-01-19,Silver
CUST000144,Antonio Lopez,India,Corporate,2025-10-29,Silver
CUST000145,Brian Hopkins,Australia,Corporate,2023-06-21,Silver
CUST000146,Kathryn Shaw,Canada,Individual,2023-02-24,Silver
CUST000147,Douglas Reed,UAE,Corporate,2023-10-28,Silver
CUST000148,John Pollard,Japan,Fleet,2024-11-20,Silver
CUST000149,Terry Lopez,USA,Corporate,2025-06-05,Platinum
CUST000150,Tanya Levy,Canada,Fleet,2024-09-22,Platinum
CUST000151,Caroline Price,Canada,Corporate,2023-05-14,Platinum
CUST000152,Tonya Avila,India,Individual,2022-06-27,Platinum
CUST000153,Stephanie Cole,Germany,Corporate,2025-12-07,Silver
CUST000154,Kimberly Scott,India,Fleet,2022-12-16,Platinum
CUST000155,Kevin Paul,Canada,Corporate,2023-04-08,Gold
CUST000156,Charles Kennedy,Canada,Corporate,2025-07-28,Platinum
CUST000157,Jessica Roberson,UAE,Fleet,2023-05-06,Gold
CUST000158,Tonya Morgan,India,Fleet,2026-02-03,Gold
CUST000159,Robert Vargas,UAE,Fleet,2023-10-08,Gold
CUST000160,Benjamin Hull,UAE,Fleet,2023-06-03,Gold
CUST000161,Justin Harper,Australia,Fleet,2023-06-14,Silver
CUST000162,Ralph Martin,Germany,Fleet,2024-01-29,Platinum
CUST000163,Jeffrey Burns,UAE,Corporate,2025-08-21,Gold
CUST000164,Linda Martin,Japan,Individual,2022-12-22,Platinum
CUST000165,Elizabeth Park,UAE,Individual,2023-12-03,Gold
CUST000166,Tiffany Cummings,Germany,Individual,2025-07-09,Platinum
CUST000167,Daniel Russell,India,Fleet,2022-11-30,Gold
CUST000168,Ann Cooper,Germany,Fleet,2022-10-19,Gold
CUST000169,Heather Barrett,Germany,Corporate,2023-03-10,Gold
CUST000170,Jesse Davis,Germany,Fleet,2021-08-17,Platinum
CUST000171,Julia Miller,Canada,Individual,2023-12-16,Silver
CUST000172,Rachel Bell,Germany,Individual,2022-01-15,Gold
CUST000173,Benjamin Crawford,Canada,Corporate,2025-08-09,Platinum
CUST000174,Lisa Hill,Germany,Fleet,2025-02-24,Gold
CUST000175,Daniel Lee,USA,Individual,2025-07-03,Silver
CUST000176,Brittney Sanchez,Canada,Individual,2024-05-02,Gold
CUST000177,Anthony Newman,Canada,Corporate,2025-12-19,Platinum
CUST000178,Joshua Perez,Canada,Individual,2022-02-12,Gold
CUST000179,John Vega,Australia,Individual,2025-05-18,Silver
CUST000180,Christine Proctor,Japan,Individual,2025-01-26,Silver
CUST000181,Maria Armstrong,Canada,Fleet,2026-04-12,Silver
CUST000182,Garrett Jenkins,India,Corporate,2023-03-19,Gold
CUST000183,Jeffrey Hernandez,India,Individual,2026-02-28,Silver
CUST000184,Nancy Williams,UAE,Corporate,2021-09-24,Gold
CUST000185,Katherine Robinson,Canada,Individual,2026-02-05,Gold
CUST000186,Heather Jackson,Japan,Fleet,2024-07-28,Gold
CUST000187,Antonio Wolf,India,Corporate,2023-10-15,Platinum
CUST000188,Rachel Williams,Japan,Individual,2025-12-09,Silver
CUST000189,Bobby Thomas,Canada,Fleet,2022-06-09,Platinum
CUST000190,Jason Lee,Australia,Corporate,2023-11-05,Silver
CUST000191,Karen Lopez,Germany,Individual,2025-05-26,Gold
CUST000192,Michele Chen,Australia,Individual,2023-06-16,Platinum
CUST000193,Heather Jefferson,Australia,Fleet,2026-04-18,Gold
CUST000194,John Cooper,Canada,Fleet,2023-05-28,Platinum
CUST000195,Austin Liu,Australia,Corporate,2023-11-23,Gold
CUST000196,Christine Bradley,Australia,Individual,2025-12-17,Gold
CUST000197,Autumn Flores DVM,USA,Fleet,2021-10-23,Platinum
CUST000198,Sara Garcia,Canada,Corporate,2023-12-27,Silver
CUST000199,Kenneth Gonzales,Japan,Individual,2021-11-10,Silver
CUST000200,Jay Salazar,Germany,Fleet,2021-09-18,Silver
CUST000201,Joseph Meadows,Canada,Corporate,2023-02-24,Gold
CUST000202,Jason Andrews,USA,Fleet,2023-03-09,Gold
CUST000203,Andrea Schwartz,Australia,Individual,2023-09-05,Silver
CUST000204,Christina Garcia,USA,Individual,2025-09-27,Platinum
CUST000205,William Sanchez,Canada,Corporate,2023-03-03,Platinum
CUST000206,William Kennedy,Germany,Fleet,2025-05-16,Platinum
CUST000207,Robert Guerra,Germany,Corporate,2025-02-28,Gold
CUST000208,Jeanne Moran,Canada,Individual,2024-02-07,Silver
CUST000209,Eric Jarvis,Japan,Fleet,2024-05-19,Gold
CUST000210,Joshua Love,Japan,Individual,2023-04-24,Gold
CUST000211,Thomas Jones,UAE,Corporate,2026-03-30,Platinum
CUST000212,Jade Knox,Australia,Corporate,2023-02-05,Gold
CUST000213,Michelle Orozco,Japan,Individual,2022-11-01,Platinum
CUST000214,Carol Ferguson,India,Corporate,2022-11-13,Platinum
CUST000215,Ryan Fry,Canada,Fleet,2025-10-03,Silver
CUST000216,Andrea Black,Germany,Individual,2022-10-09,Gold
CUST000217,Justin Kennedy,Japan,Corporate,2025-01-11,Gold
CUST000218,Scott Burton,Australia,Fleet,2025-07-03,Silver
CUST000219,Steve Lynch,UAE,Fleet,2026-05-16,Platinum
CUST000220,Christine Long,Japan,Corporate,2024-07-09,Platinum
CUST000221,Jacob Mooney,India,Fleet,2024-05-16,Gold
CUST000222,Gwendolyn Schwartz,Germany,Individual,2025-03-03,Silver
CUST000223,Robert Jenkins,India,Fleet,2024-04-05,Silver
CUST000224,Shannon Yates,UAE,Fleet,2021-08-20,Gold
CUST000225,Matthew Pierce,Germany,Corporate,2023-06-15,Silver
CUST000226,Mark Larson,Australia,Individual,2021-12-18,Silver
CUST000227,Stacy Fuentes,Canada,Individual,2022-08-22,Platinum
CUST000228,Christopher Holmes,Canada,Individual,2021-07-12,Silver
CUST000229,David Wood,USA,Fleet,2025-10-16,Silver
CUST000230,Michelle White,Australia,Individual,2023-04-12,Gold
CUST000231,Alexis West,Australia,Corporate,2026-06-19,Gold
CUST000232,Ernest Wood,Japan,Individual,2024-01-01,Silver
CUST000233,Latoya Ibarra,UAE,Fleet,2023-03-12,Gold
CUST000234,Debbie Lyons,Canada,Fleet,2022-08-20,Gold
CUST000235,Jennifer Hester,Canada,Fleet,2023-04-18,Gold
CUST000236,David Burton,Australia,Individual,2022-07-23,Gold
CUST000237,Emily Murphy,Canada,Fleet,2024-07-25,Gold
CUST000238,James Manning,UAE,Individual,2022-10-25,Gold
CUST000239,Jeffrey Meyers,Canada,Fleet,2023-05-29,Silver
CUST000240,Jennifer Lowe,UAE,Fleet,2023-05-21,Platinum
CUST000241,Sheri Koch,UAE,Individual,2023-07-10,Silver
CUST000242,Natalie Walsh,India,Corporate,2023-01-14,Platinum
CUST000243,Patrick Mullins,Australia,Individual,2022-04-16,Gold
CUST000244,Ashley Contreras,Canada,Fleet,2025-03-20,Gold
CUST000245,Audrey Casey,Japan,Fleet,2021-09-12,Platinum
CUST000246,Jessica Ferguson,Canada,Individual,2026-05-01,Platinum
CUST000247,William Krause,India,Individual,2025-04-02,Gold
CUST000248,Heather Aguirre,India,Individual,2023-10-07,Platinum
CUST000249,Micheal Lawrence,Australia,Corporate,2024-10-06,Gold
CUST000250,Pamela Thompson,India,Fleet,2024-07-04,Gold
CUST000251,Jessica Avila,UAE,Fleet,2025-10-02,Silver
CUST000252,Brianna Smith,Germany,Fleet,2023-03-13,Silver
CUST000253,Christopher Cortez,Canada,Individual,2025-12-23,Silver
CUST000254,Laura Harris,USA,Individual,2026-03-03,Gold
CUST000255,Gavin Jackson,USA,Corporate,2023-05-05,Silver
CUST000256,Leslie Wise,Germany,Fleet,2024-05-16,Platinum
CUST000257,Mr. Joshua Rojas,UAE,Fleet,2022-02-20,Platinum
CUST000258,Kevin Terry,UAE,Individual,2023-07-01,Silver
CUST000259,Madeline Riddle,Japan,Fleet,2021-08-10,Gold
CUST000260,Paul Griffin,USA,Individual,2025-11-05,Gold
CUST000261,Jennifer Preston,Canada,Individual,2023-06-12,Gold
CUST000262,Thomas Browning,Japan,Corporate,2025-05-19,Silver
CUST000263,Paula Ali,Australia,Corporate,2023-08-02,Silver
CUST000264,Paul Morrison,UAE,Fleet,2025-08-21,Silver
CUST000265,Jane Christensen,Japan,Corporate,2024-08-25,Gold
CUST000266,Virginia Fisher,Canada,Individual,2023-10-15,Platinum
CUST000267,Sherri Harris,Germany,Individual,2023-08-17,Silver
CUST000268,Mary Brennan,USA,Fleet,2023-03-24,Platinum
CUST000269,Phillip Wells,Australia,Corporate,2023-04-27,Gold
CUST000270,Elizabeth Robinson,Germany,Individual,2023-09-28,Gold
CUST000271,Brent Hanson,India,Corporate,2025-08-26,Platinum
CUST000272,Tristan Serrano,Japan,Corporate,2023-12-29,Gold
CUST000273,Daniel Simpson,Australia,Individual,2026-06-10,Gold
CUST000274,Kimberly Hall,Japan,Fleet,2021-10-15,Silver
CUST000275,Tony Bailey,Japan,Individual,2021-10-08,Gold
CUST000276,Jared Jackson,Germany,Individual,2026-03-25,Silver
CUST000277,John Bradford,Canada,Corporate,2023-04-18,Platinum
CUST000278,Ronald Duffy,USA,Corporate,2023-02-19,Platinum
CUST000279,Linda Patel,Australia,Individual,2025-04-03,Silver
CUST000280,Mr. Robert Jacobson,Australia,Individual,2023-04-25,Platinum
CUST000281,Michelle Williams,USA,Fleet,2022-09-20,Platinum
CUST000282,Gary Osborne,India,Corporate,2026-04-26,Silver
CUST000283,Debbie Trujillo,USA,Fleet,2023-01-14,Gold
CUST000284,Zachary Jordan,USA,Individual,2023-11-16,Gold
CUST000285,Mr. Juan Clark,UAE,Fleet,2021-10-16,Platinum
CUST000286,Rebecca Grant,Australia,Fleet,2026-04-19,Platinum
CUST000287,Michael Harris,USA,Individual,2026-04-03,Gold
CUST000288,Walter Hughes,Canada,Individual,2026-02-22,Silver
CUST000289,Robert Williams,Japan,Individual,2026-04-01,Platinum
CUST000290,Jessica Russell,India,Corporate,2024-02-22,Platinum
CUST000291,Kevin Massey MD,Australia,Corporate,2025-05-26,Platinum
CUST000292,Christopher Conley,Japan,Fleet,2026-02-17,Gold
CUST000293,Robert Baker,Germany,Corporate,2023-03-05,Silver
CUST000294,Jacob Wallace,USA,Corporate,2024-04-19,Gold
CUST000295,Elizabeth Odonnell,India,Fleet,2024-05-25,Gold
CUST000296,Gerald Compton,India,Fleet,2026-05-27,Silver
CUST000297,Caroline Brewer,Japan,Individual,2022-03-27,Platinum
CUST000298,Breanna Gould,Canada,Individual,2024-08-17,Platinum
CUST000299,Stuart Gardner,USA,Corporate,2024-03-21,Gold
CUST000300,Jeffrey Ferguson,UAE,Individual,2022-05-31,Silver
CUST000301,Heather Cook,Germany,Fleet,2023-08-20,Platinum
CUST000302,Bonnie Shannon,India,Corporate,2026-02-24,Platinum
CUST000303,Francisco Carroll,UAE,Individual,2023-05-30,Gold
CUST000304,Lauren Evans,Canada,Corporate,2026-06-24,Platinum
CUST000305,Timothy Smith,Japan,Fleet,2024-06-07,Platinum
CUST000306,Connie Parks,Canada,Fleet,2021-11-25,Platinum
CUST000307,John Clark,Australia,Fleet,2025-01-13,Platinum
CUST000308,Donna Morgan,Germany,Individual,2025-07-30,Silver
CUST000309,Susan Richardson,USA,Corporate,2025-05-11,Gold
CUST000310,Denise Taylor,Japan,Corporate,2024-12-14,Platinum
CUST000311,Richard Baldwin,India,Corporate,2021-11-15,Platinum
CUST000312,Tara Ferguson,India,Individual,2021-06-29,Silver
CUST000313,Richard Garcia,Germany,Fleet,2024-02-06,Silver
CUST000314,Dr. Calvin Foster,UAE,Individual,2025-06-28,Silver
CUST000315,Michael Guzman MD,Germany,Fleet,2021-12-01,Silver
CUST000316,Timothy Johnson,Japan,Individual,2022-11-24,Platinum
CUST000317,Barbara Cardenas,Germany,Corporate,2022-10-14,Gold
CUST000318,Angela Mcdonald,Japan,Individual,2026-03-17,Silver
CUST000319,Anthony Clark,Germany,Fleet,2023-04-29,Gold
CUST000320,Amy Keith,Germany,Corporate,2025-05-30,Silver
CUST000321,Kayla Massey,Australia,Corporate,2024-07-03,Platinum
CUST000322,Melissa Romero,Germany,Fleet,2025-09-07,Platinum
CUST000323,John Strickland,Australia,Corporate,2022-06-12,Gold
CUST000324,Tyler Young,Australia,Corporate,2024-09-27,Platinum
CUST000325,Daniel Garcia,Canada,Individual,2022-12-27,Platinum
CUST000326,Angel West,Australia,Corporate,2022-03-31,Platinum
CUST000327,Kimberly Campbell,Germany,Corporate,2024-01-19,Silver
CUST000328,Michael Nguyen,Australia,Corporate,2023-04-22,Silver
CUST000329,Tammy Alvarez,Canada,Corporate,2021-10-19,Platinum
CUST000330,Vanessa Richardson,UAE,Fleet,2024-09-02,Gold
CUST000331,Mrs. Pam Mason,India,Fleet,2024-11-09,Gold
CUST000332,Michael Davis,India,Corporate,2024-07-02,Gold
CUST000333,Dr. Michelle Brady,India,Individual,2021-10-02,Platinum
CUST000334,Angela Vargas,UAE,Individual,2024-08-27,Silver
CUST000335,Roy Ellis,Japan,Corporate,2025-12-25,Gold
CUST000336,Brittany Johnson,UAE,Fleet,2025-07-10,Silver
CUST000337,Carolyn Ashley,USA,Fleet,2023-07-21,Gold
CUST000338,Mark Gordon,Japan,Corporate,2024-11-26,Silver
CUST000339,Vickie Bell,India,Corporate,2022-03-15,Gold
CUST000340,Sherri Orr,Australia,Individual,2025-09-11,Platinum
CUST000341,Samuel Valenzuela,Japan,Corporate,2022-07-11,Silver
CUST000342,Elizabeth Gomez,India,Corporate,2023-03-11,Gold
CUST000343,Michael Young,Germany,Corporate,2023-02-15,Silver
CUST000344,Andrew Johnson,Germany,Individual,2021-12-23,Silver
CUST000345,Nicholas Francis,Australia,Fleet,2024-10-21,Platinum
CUST000346,Valerie Cobb,USA,Fleet,2022-06-05,Platinum
CUST000347,Ryan Becker,India,Corporate,2025-05-18,Platinum
CUST000348,Elizabeth Reid,India,Corporate,2023-05-16,Gold
CUST000349,Emily Bradford,USA,Fleet,2022-05-02,Platinum
CUST000350,James Lee,UAE,Fleet,2025-01-26,Silver
CUST000351,Stephanie Sandoval,Germany,Fleet,2023-08-25,Platinum
CUST000352,Phillip Gallegos,UAE,Corporate,2023-10-31,Platinum
CUST000353,Jason Sanders,Australia,Fleet,2022-12-21,Gold
CUST000354,Chad Smith,Japan,Individual,2024-01-28,Platinum
CUST000355,Laurie Schwartz,Canada,Individual,2024-10-20,Silver
CUST000356,Terrence Schmidt,Australia,Fleet,2024-01-25,Platinum
CUST000357,William Baker,UAE,Fleet,2025-12-26,Platinum
CUST000358,Matthew Shelton,UAE,Individual,2023-02-22,Silver
CUST000359,Elizabeth Moreno,Germany,Individual,2023-01-11,Silver
CUST000360,Joyce Ramirez,India,Corporate,2022-10-12,Gold
CUST000361,Donald Kelly,UAE,Fleet,2026-01-18,Platinum
CUST000362,Kendra Munoz,Canada,Fleet,2022-01-07,Platinum
CUST000363,John Brooks,India,Fleet,2025-11-23,Gold
CUST000364,Sara Shepherd,USA,Individual,2021-09-04,Platinum
CUST000365,Erica Juarez,Germany,Individual,2025-02-19,Platinum
CUST000366,Kelly Hardy,USA,Individual,2023-12-21,Platinum
CUST000367,James Moyer,Australia,Individual,2024-10-15,Silver
CUST000368,Megan Mcneil,USA,Individual,2022-01-12,Gold
CUST000369,Amanda Howard,UAE,Fleet,2021-08-14,Platinum
CUST000370,Mallory Vaughn,Germany,Corporate,2022-10-09,Silver
CUST000371,David Flores,Germany,Corporate,2024-07-04,Platinum
CUST000372,Jonathan Rivera,Australia,Fleet,2023-08-31,Platinum
CUST000373,Laurie Smith,UAE,Corporate,2024-02-11,Gold
CUST000374,Justin Edwards,USA,Fleet,2021-11-01,Silver
CUST000375,Jessica Hicks,UAE,Fleet,2021-12-02,Platinum
CUST000376,Michael Drake,Germany,Corporate,2023-08-12,Gold
CUST000377,Jordan Fleming,India,Individual,2023-05-01,Silver
CUST000378,Sandra Torres,India,Corporate,2025-11-02,Silver
CUST000379,Billy Davis,Canada,Fleet,2022-08-05,Silver
CUST000380,Leslie Parks,Japan,Individual,2021-07-24,Silver
CUST000381,Mark Riley,Japan,Corporate,2021-09-24,Silver
CUST000382,Margaret Steele,India,Individual,2025-12-11,Silver
CUST000383,Andrea Love,Germany,Fleet,2023-10-22,Silver
CUST000384,Mark Bell,UAE,Corporate,2022-07-14,Gold
CUST000385,Theresa Perry,Japan,Individual,2023-05-14,Gold
CUST000386,Dean Silva,Germany,Individual,2022-12-05,Gold
CUST000387,Ronnie Collins,Japan,Fleet,2024-09-08,Platinum
CUST000388,Jessica Prince,India,Fleet,2025-06-19,Gold
CUST000389,Tiffany Mason,USA,Individual,2025-05-20,Gold
CUST000390,Amy Kim,India,Fleet,2024-07-29,Silver
CUST000391,Ian Hoffman,USA,Fleet,2023-06-19,Silver
CUST000392,Linda Gilbert,UAE,Individual,2022-04-02,Gold
CUST000393,Robert Ramirez,India,Individual,2022-04-09,Gold
CUST000394,Lynn Hamilton,Germany,Fleet,2022-02-19,Silver
CUST000395,Sean Atkinson,Australia,Corporate,2025-12-26,Platinum
CUST000396,Anthony Jones,Canada,Fleet,2025-10-29,Silver
CUST000397,Maureen Gordon,Germany,Individual,2023-03-09,Platinum
CUST000398,Robert Burch,USA,Individual,2021-07-16,Platinum
CUST000399,Jennifer Short,USA,Fleet,2025-03-20,Gold
CUST000400,Dr. Samuel Reynolds,India,Individual,2023-04-21,Platinum
CUST000401,Christopher Munoz,Canada,Corporate,2023-01-31,Gold
CUST000402,Shawn Coleman,USA,Individual,2022-11-23,Silver
CUST000403,Daisy Johnson,Australia,Individual,2024-02-02,Gold
CUST000404,Daniel Stewart,UAE,Individual,2022-09-25,Platinum
CUST000405,Dorothy Campbell,Japan,Fleet,2023-05-12,Platinum
CUST000406,Gregory Olsen,Australia,Individual,2024-01-11,Platinum
CUST000407,Ernest Cook,USA,Fleet,2021-09-10,Platinum
CUST000408,Drew Turner,India,Individual,2022-02-17,Silver
CUST000409,Rachel Bryan,India,Corporate,2023-03-09,Silver
CUST000410,Jennifer Mayer,India,Fleet,2024-11-23,Silver
CUST000411,Paul Thomas,USA,Corporate,2023-07-07,Platinum
CUST000412,David Sanchez,Japan,Corporate,2025-12-22,Gold
CUST000413,Kenneth Gonzalez,USA,Corporate,2023-12-14,Platinum
CUST000414,Brent Howell,Germany,Corporate,2025-08-18,Platinum
CUST000415,Troy Rodriguez,India,Corporate,2021-09-20,Silver
CUST000416,Amy Avery,Australia,Individual,2026-02-19,Silver
CUST000417,Frederick Holder,Japan,Corporate,2023-05-31,Gold
CUST000418,Diane Armstrong,India,Individual,2024-12-27,Platinum
CUST000419,Evan Austin,UAE,Fleet,2023-11-26,Silver
CUST000420,Robert Fisher,USA,Corporate,2024-09-15,Silver
CUST000421,Sara Wright,Canada,Fleet,2025-09-28,Platinum
CUST000422,Justin Lang,India,Corporate,2023-05-24,Platinum
CUST000423,Charles Hayes,India,Corporate,2021-11-19,Platinum
CUST000424,Donna Dominguez,Australia,Individual,2023-10-08,Gold
CUST000425,Jeffery Chen,Germany,Corporate,2024-12-07,Silver
CUST000426,Thomas Silva,Germany,Corporate,2023-12-25,Platinum
CUST000427,Paul Bennett,Japan,Fleet,2025-05-23,Gold
CUST000428,Tiffany Gay,USA,Corporate,2021-10-02,Gold
CUST000429,Christopher Davis,Germany,Individual,2021-10-14,Silver
CUST000430,Amy Hernandez,Japan,Individual,2023-01-23,Platinum
CUST000431,Krista Phelps,USA,Fleet,2025-01-01,Gold
CUST000432,David Miller,Canada,Individual,2022-05-14,Platinum
CUST000433,Ronald Blackwell,USA,Individual,2024-11-14,Gold
CUST000434,Veronica Johnson,Japan,Individual,2022-04-24,Silver
CUST000435,Maria Roth,Germany,Corporate,2022-04-12,Gold
CUST000436,Heather Gilbert,Australia,Fleet,2022-08-20,Gold
CUST000437,Toni Garner,USA,Fleet,2025-08-23,Silver
CUST000438,April Smith,India,Individual,2022-03-11,Gold
CUST000439,Brian Allen,India,Corporate,2024-12-05,Platinum
CUST000440,Holly Roberts,Japan,Fleet,2025-03-11,Silver
CUST000441,Jessica Ward,Germany,Fleet,2025-03-05,Platinum
CUST000442,Michael Nelson,Australia,Individual,2021-09-27,Silver
CUST000443,Samantha Wolf,Australia,Corporate,2022-09-18,Platinum
CUST000444,Patrick Daniel,Japan,Individual,2023-02-19,Platinum
CUST000445,Jodi Gardner,Germany,Corporate,2023-08-02,Platinum
CUST000446,Austin Lewis,UAE,Corporate,2024-02-29,Silver
CUST000447,Brittney Warner,UAE,Fleet,2024-04-17,Platinum
CUST000448,Julian Lewis,UAE,Individual,2023-04-17,Gold
CUST000449,Angela Carpenter,UAE,Individual,2021-08-23,Platinum
CUST000450,Connor Adams,Germany,Individual,2025-03-17,Silver
CUST000451,Dr. Anthony Gray DVM,Australia,Individual,2021-12-12,Silver
CUST000452,Herbert Hill PhD,Australia,Individual,2023-10-17,Platinum
CUST000453,Christian Mays,Australia,Individual,2024-10-20,Platinum
CUST000454,Eric Mitchell,Australia,Individual,2022-02-03,Gold
CUST000455,Rebecca Wood,Germany,Corporate,2021-10-14,Gold
CUST000456,Stacy Howard,India,Corporate,2022-01-19,Silver
CUST000457,Gary Medina,Japan,Fleet,2023-01-01,Silver
CUST000458,David Koch,Japan,Corporate,2025-12-03,Platinum
CUST000459,John Charles,Germany,Individual,2026-04-16,Gold
CUST000460,Erica Cruz,UAE,Corporate,2021-07-25,Gold
CUST000461,Diana Miller,UAE,Corporate,2022-07-03,Platinum
CUST000462,Rebecca Richardson,Australia,Individual,2024-03-29,Gold
CUST000463,Kathryn Warren,USA,Individual,2026-03-10,Platinum
CUST000464,James Young,Japan,Corporate,2025-03-08,Platinum
CUST000465,Kelly Roach,Australia,Corporate,2023-12-16,Gold
CUST000466,Laura Hopkins,USA,Fleet,2022-04-15,Gold
CUST000467,Nicole Mitchell,USA,Corporate,2022-11-18,Platinum
CUST000468,Andrew Myers,Canada,Fleet,2022-12-24,Gold
CUST000469,Cindy Brown,UAE,Corporate,2021-10-14,Silver
CUST000470,Jessica Jackson,India,Individual,2023-09-11,Platinum
CUST000471,Douglas Luna,Germany,Fleet,2025-08-13,Platinum
CUST000472,Ashley Perez,Germany,Individual,2023-10-19,Gold
CUST000473,Roy Chavez,Canada,Corporate,2024-11-08,Silver
CUST000474,Sandra Peterson,India,Corporate,2021-10-09,Platinum
CUST000475,Kristen Yang,Germany,Fleet,2026-05-04,Gold
CUST000476,Nicholas Carter,Germany,Individual,2022-10-06,Platinum
CUST000477,Rodney Mitchell,USA,Corporate,2023-03-27,Platinum
CUST000478,Kimberly Simon,India,Individual,2023-03-13,Silver
CUST000479,Robert Nolan,Canada,Fleet,2025-01-06,Platinum
CUST000480,David Leonard,USA,Corporate,2024-03-21,Platinum
CUST000481,Sarah Barnett,Canada,Individual,2025-02-24,Silver
CUST000482,Jeffrey Jones,UAE,Fleet,2025-03-20,Gold
CUST000483,Jonathan Page,Australia,Individual,2026-04-07,Silver
CUST000484,Jay Yang,Japan,Corporate,2026-01-19,Platinum
CUST000485,Carl Martin,Australia,Corporate,2026-03-29,Silver
CUST000486,Matthew Barrera,Australia,Fleet,2024-01-29,Silver
CUST000487,James Mitchell,Canada,Individual,2022-03-25,Platinum
CUST000488,Michael Fuller,Australia,Corporate,2024-09-05,Platinum
CUST000489,Joe Matthews,Japan,Corporate,2022-10-03,Gold
CUST000490,Lori Kennedy,Germany,Individual,2023-10-14,Gold
CUST000491,Christina Johnston,Germany,Individual,2025-10-10,Silver
CUST000492,Maureen Macdonald,USA,Fleet,2026-06-22,Platinum
CUST000493,Thomas Warner,Germany,Fleet,2024-06-05,Platinum
CUST000494,Eric Reynolds,Japan,Corporate,2025-03-14,Silver
CUST000495,Melissa Floyd,UAE,Individual,2022-12-22,Silver
CUST000496,Sarah West,India,Individual,2022-02-25,Platinum
CUST000497,John Burgess,USA,Individual,2026-03-02,Silver
CUST000498,Ellen Kelley,USA,Corporate,2021-12-20,Platinum
CUST000499,Jenny Burton,Germany,Individual,2025-04-30,Platinum
CUST000500,Austin Murphy,UAE,Fleet,2023-07-26,Silver
CUST000501,Jennifer West,Australia,Fleet,2022-07-21,Silver
CUST000502,Yolanda Moss,Australia,Individual,2025-07-10,Silver
CUST000503,Allen Raymond,Australia,Individual,2026-05-25,Gold
CUST000504,Steven Johnson,USA,Individual,2025-02-24,Platinum
CUST000505,Jeffrey Banks,UAE,Fleet,2024-04-24,Silver
CUST000506,Sarah Simmons,Japan,Fleet,2025-05-15,Gold
CUST000507,Tracey Cruz,USA,Corporate,2025-08-29,Gold
CUST000508,Kenneth Bailey,UAE,Fleet,2022-11-11,Silver
CUST000509,Mary Smith,India,Fleet,2023-12-11,Gold
CUST000510,Kimberly Garcia,USA,Fleet,2026-04-05,Platinum
CUST000511,Charles Collins,India,Fleet,2024-01-24,Platinum
CUST000512,Shawn Rodriguez,Germany,Corporate,2023-02-18,Silver
CUST000513,Debra Livingston,Germany,Corporate,2026-02-05,Platinum
CUST000514,Michael Chavez,UAE,Fleet,2021-09-23,Gold
CUST000515,Charles Sanchez,USA,Fleet,2024-07-06,Gold
CUST000516,Hector Perkins,Japan,Corporate,2025-09-15,Silver
CUST000517,Nicole Castillo,India,Individual,2022-10-23,Platinum
CUST000518,Lucas Johnson,USA,Individual,2023-03-30,Silver
CUST000519,David Cruz,Japan,Fleet,2023-02-05,Platinum
CUST000520,Gabrielle Perkins,Canada,Corporate,2022-12-30,Platinum
CUST000521,Ronald Walsh,Japan,Corporate,2021-08-31,Gold
CUST000522,Jacqueline Brown,Australia,Corporate,2024-10-27,Platinum
CUST000523,Stacy Johnson,Japan,Corporate,2026-03-07,Platinum
CUST000524,Courtney Hoffman,UAE,Individual,2022-10-22,Silver
CUST000525,Robert Morgan,USA,Individual,2022-04-23,Platinum
CUST000526,Donald Dominguez,Germany,Corporate,2024-10-02,Gold
CUST000527,Melissa Sandoval,India,Individual,2025-11-14,Gold
CUST000528,Sarah Johnson,Germany,Fleet,2024-12-06,Platinum
CUST000529,Angela Elliott,Japan,Fleet,2026-01-27,Gold
CUST000530,Joseph Hampton,Australia,Corporate,2023-12-26,Platinum
CUST000531,Michael Little,Germany,Fleet,2023-07-28,Gold
CUST000532,Susan Gonzales,USA,Fleet,2025-06-03,Platinum
CUST000533,Travis Bennett,UAE,Individual,2025-08-02,Gold
CUST000534,Michael Simpson,UAE,Fleet,2025-03-26,Platinum
CUST000535,Robert Lawrence,Japan,Individual,2024-06-23,Platinum
CUST000536,Caleb Carter,USA,Corporate,2023-06-14,Gold
CUST000537,Jason Moss,Germany,Individual,2026-02-26,Gold
CUST000538,Debbie Rodriguez,Japan,Fleet,2025-02-05,Platinum
CUST000539,Kimberly Swanson,Australia,Individual,2023-04-04,Gold
CUST000540,Alicia Jenkins,Germany,Fleet,2023-03-01,Platinum
CUST000541,Seth Keller,India,Corporate,2023-04-23,Silver
CUST000542,Vanessa Harrington,India,Corporate,2024-09-13,Gold
CUST000543,Mike Morales,Japan,Corporate,2023-02-01,Silver
CUST000544,John Webb,Japan,Individual,2021-08-27,Gold
CUST000545,David Williams,Canada,Fleet,2021-07-04,Silver
CUST000546,Doris Perez,Germany,Individual,2026-05-28,Silver
CUST000547,Laura Howard,Japan,Fleet,2025-03-09,Platinum
CUST000548,Edwin Murphy,Australia,Fleet,2024-05-29,Gold
CUST000549,Linda Jones,Japan,Corporate,2025-09-10,Platinum
CUST000550,Nichole Hartman,USA,Individual,2026-05-07,Platinum
CUST000551,Lori Olson,Australia,Individual,2025-06-17,Platinum
CUST000552,Brad Brown,USA,Fleet,2021-10-02,Platinum
CUST000553,Lisa Roth,USA,Corporate,2024-02-28,Gold
CUST000554,Rebecca Brennan,India,Corporate,2021-07-19,Platinum
CUST000555,Michelle Briggs,India,Corporate,2025-02-10,Gold
CUST000556,Ryan Romero,Canada,Individual,2025-12-10,Silver
CUST000557,Matthew Diaz,UAE,Individual,2022-07-13,Gold
CUST000558,Mark Mcclure,Australia,Corporate,2022-05-12,Gold
CUST000559,Matthew Weaver,India,Fleet,2024-07-09,Silver
CUST000560,Steven Rodriguez,USA,Individual,2021-12-25,Gold
CUST000561,Amy Werner,USA,Individual,2024-11-11,Silver
CUST000562,Michael Bishop,Australia,Fleet,2024-11-18,Silver
CUST000563,Benjamin Garcia,USA,Fleet,2021-12-16,Silver
CUST000564,Robert Black,India,Fleet,2024-07-01,Gold
CUST000565,Susan Flores,Japan,Corporate,2025-12-29,Gold
CUST000566,Alyssa Conley,India,Fleet,2023-05-16,Gold
CUST000567,Anthony Ayers,USA,Corporate,2024-02-13,Silver
CUST000568,Jason Booth,Australia,Corporate,2022-11-30,Silver
CUST000569,Brittney Cannon,Canada,Individual,2024-08-31,Platinum
CUST000570,Misty Jones,Japan,Individual,2024-02-10,Platinum
CUST000571,Anthony Potter,Canada,Corporate,2023-04-30,Platinum
CUST000572,Robert Jackson,Germany,Individual,2025-12-29,Platinum
CUST000573,Morgan Gonzalez,USA,Individual,2021-12-06,Platinum
CUST000574,Thomas Blackwell,Australia,Fleet,2023-04-05,Silver
CUST000575,Jonathan Anderson,Australia,Corporate,2024-03-19,Platinum
CUST000576,Douglas Stone,Japan,Corporate,2023-10-16,Platinum
CUST000577,Robert Adkins,India,Individual,2022-11-08,Gold
CUST000578,Debra Macias,UAE,Individual,2022-07-02,Gold
CUST000579,Larry Cherry,Canada,Fleet,2026-06-16,Silver
CUST000580,Gerald Trevino,Australia,Fleet,2022-11-21,Silver
CUST000581,Christine Simmons,UAE,Individual,2024-07-28,Silver
CUST000582,Yolanda Bond,Canada,Individual,2026-03-15,Silver
CUST000583,Cynthia Brown,Germany,Fleet,2024-10-15,Gold
CUST000584,James Campbell,UAE,Fleet,2024-11-28,Gold
CUST000585,William Mitchell,UAE,Corporate,2026-01-13,Gold
CUST000586,Pamela Jackson,Japan,Corporate,2026-04-25,Silver
CUST000587,Andrew Weeks,Japan,Corporate,2023-12-04,Silver
CUST000588,Andrew Marks,Australia,Individual,2025-04-24,Silver
CUST000589,Ian Escobar,USA,Corporate,2023-09-02,Silver
CUST000590,Savannah Cox,USA,Fleet,2024-01-13,Silver
CUST000591,Michael Riley,Australia,Corporate,2023-04-30,Platinum
CUST000592,Nicholas Barrett,Australia,Corporate,2023-05-14,Platinum
CUST000593,Jeffrey Mathis,India,Individual,2021-10-08,Platinum
CUST000594,Megan Mcgrath,Japan,Fleet,2023-05-26,Gold
CUST000595,Leonard Woods,India,Individual,2024-03-02,Gold
CUST000596,Reginald Vega,Germany,Corporate,2022-08-13,Gold
CUST000597,April Baker,Australia,Corporate,2022-02-28,Silver
CUST000598,Zachary Smith,Germany,Fleet,2021-10-03,Silver
CUST000599,Kevin Gomez,India,Corporate,2023-10-16,Gold
CUST000600,Vanessa Parks,Canada,Corporate,2024-05-30,Gold
CUST000601,Philip Sanchez,India,Corporate,2023-04-03,Platinum
CUST000602,Mrs. Cynthia White,Australia,Fleet,2023-11-25,Platinum
CUST000603,Kevin Acosta,Germany,Individual,2022-06-06,Platinum
CUST000604,Steven Kirk,Japan,Individual,2026-04-14,Platinum
CUST000605,Virginia Sanchez,Japan,Fleet,2024-06-08,Platinum
CUST000606,Traci Smith,Germany,Individual,2023-04-12,Silver
CUST000607,Jacqueline Arnold,Australia,Fleet,2023-02-16,Gold
CUST000608,Kimberly Leach,India,Individual,2021-08-26,Silver
CUST000609,Ethan Smith,Canada,Corporate,2023-07-26,Gold
CUST000610,Frank Butler,USA,Individual,2023-02-03,Silver
CUST000611,Blake Freeman,India,Individual,2023-01-07,Silver
CUST000612,Cheyenne Lane,UAE,Corporate,2025-04-05,Platinum
CUST000613,Lisa Jackson,Japan,Fleet,2022-07-11,Platinum
CUST000614,Cindy Frazier,USA,Individual,2025-11-29,Silver
CUST000615,Gail Jacobson,UAE,Fleet,2025-05-28,Platinum
CUST000616,Susan Taylor,Japan,Corporate,2022-06-25,Gold
CUST000617,Steven Williams,Canada,Fleet,2022-02-26,Platinum
CUST000618,Lindsey Mann,USA,Fleet,2021-07-02,Platinum
CUST000619,Courtney Williams,Australia,Individual,2022-02-08,Silver
CUST000620,Michael Rice,UAE,Fleet,2024-05-25,Platinum
CUST000621,Kimberly Romero,India,Corporate,2021-11-17,Silver
CUST000622,Heather Rojas,USA,Corporate,2023-04-13,Platinum
CUST000623,Colin Rodriguez,Canada,Corporate,2022-07-05,Silver
CUST000624,Michele Whitaker,India,Individual,2025-02-05,Silver
CUST000625,Gregory Pearson MD,Canada,Fleet,2025-01-05,Gold
CUST000626,Troy Lester,Japan,Corporate,2025-04-17,Gold
CUST000627,Joy Morrison,Canada,Individual,2022-05-20,Silver
CUST000628,Stefanie Juarez,Japan,Fleet,2026-03-14,Platinum
CUST000629,Debra Bell,UAE,Corporate,2023-10-25,Platinum
CUST000630,Kimberly Mcpherson,Germany,Individual,2023-11-11,Gold
CUST000631,Julie Moore,Germany,Individual,2021-09-22,Silver
CUST000632,Bradley Rodriguez,Germany,Fleet,2026-05-10,Platinum
CUST000633,Evan Ashley,India,Fleet,2023-02-15,Gold
CUST000634,James Wallace,Canada,Fleet,2025-04-24,Silver
CUST000635,Beverly Gordon,UAE,Fleet,2024-11-07,Gold
CUST000636,Glen Mcdowell,India,Individual,2022-05-07,Platinum
CUST000637,Timothy Moore,Canada,Fleet,2026-03-07,Platinum
CUST000638,Kyle Robertson,Germany,Fleet,2023-04-17,Silver
CUST000639,David Mckinney,Canada,Fleet,2022-11-27,Silver
CUST000640,Stephanie Ellis,Canada,Corporate,2024-10-14,Platinum
CUST000641,Jason Payne,Australia,Individual,2024-09-03,Gold
CUST000642,Vanessa Spencer,Germany,Fleet,2025-03-25,Silver
CUST000643,Joseph Giles,Australia,Fleet,2025-07-21,Silver
CUST000644,Charles Bryant,USA,Individual,2022-10-11,Gold
CUST000645,Frederick Hicks,UAE,Fleet,2025-12-10,Silver
CUST000646,Stephanie Smith,Canada,Individual,2026-04-04,Platinum
CUST000647,Ronald Matthews,India,Individual,2024-05-21,Gold
CUST000648,Jessica Walker,Germany,Fleet,2025-04-09,Gold
CUST000649,Pamela Mcgee,Japan,Fleet,2022-04-13,Silver
CUST000650,Alison Harris,Canada,Individual,2021-11-26,Silver
CUST000651,Andrew Watkins,Canada,Fleet,2025-06-30,Silver
CUST000652,Lance Orozco,Australia,Individual,2024-04-16,Platinum
CUST000653,Brian Welch,UAE,Individual,2025-02-07,Silver
CUST000654,Rachel Williams,Japan,Corporate,2025-12-18,Silver
CUST000655,Jessica Sullivan,India,Corporate,2025-02-06,Platinum
CUST000656,Timothy Green,UAE,Fleet,2025-04-01,Silver
CUST000657,Jeff Schultz,Japan,Fleet,2025-11-26,Platinum
CUST000658,Kendra Olson,Canada,Fleet,2022-02-04,Platinum
CUST000659,James Hobbs,India,Fleet,2023-08-20,Silver
CUST000660,Cassandra Davis,Japan,Fleet,2023-05-04,Silver
CUST000661,Matthew Clark,UAE,Fleet,2021-11-22,Platinum
CUST000662,Ann Day,UAE,Fleet,2025-07-23,Platinum
CUST000663,Ryan Myers,USA,Corporate,2025-09-29,Gold
CUST000664,Michael Mahoney,USA,Corporate,2022-12-07,Silver
CUST000665,Amy Morgan,Canada,Fleet,2021-09-19,Platinum
CUST000666,Lauren Maynard,USA,Individual,2025-01-03,Platinum
CUST000667,Jill Berry,Germany,Corporate,2024-06-01,Gold
CUST000668,John Obrien,Japan,Fleet,2023-10-11,Gold
CUST000669,Stacey Franklin,Germany,Individual,2023-01-13,Platinum
CUST000670,Victoria Moody,Germany,Fleet,2022-06-13,Platinum
CUST000671,Jonathan Torres,Australia,Fleet,2023-06-03,Gold
CUST000672,Sarah Buchanan DVM,Australia,Fleet,2026-01-04,Platinum
CUST000673,Randall Mckinney,Germany,Fleet,2023-09-26,Silver
CUST000674,Emily Gross,UAE,Individual,2024-03-13,Silver
CUST000675,Kyle Koch,India,Individual,2021-09-10,Gold
CUST000676,Jennifer Hoover,Australia,Individual,2022-09-25,Gold
CUST000677,Christopher Ortiz,Canada,Corporate,2022-10-13,Gold
CUST000678,Marcus Harrison,India,Corporate,2025-01-26,Silver
CUST000679,Stacey Gray,Germany,Fleet,2023-12-31,Silver
CUST000680,Michael Sexton,Japan,Individual,2024-09-07,Platinum
CUST000681,Eric Riley,India,Individual,2021-08-16,Gold
CUST000682,Carolyn Sullivan,Australia,Corporate,2024-03-25,Silver
CUST000683,Zachary Wallace,UAE,Corporate,2024-08-14,Gold
CUST000684,Donna Tate,Germany,Corporate,2022-05-30,Gold
CUST000685,Shawn Thomas,Australia,Fleet,2021-10-13,Platinum
CUST000686,Michelle Webb,India,Fleet,2022-03-14,Silver
CUST000687,Elizabeth Richardson,Germany,Individual,2025-08-08,Silver
CUST000688,Michael Arroyo,Canada,Individual,2022-08-23,Platinum
CUST000689,David Anderson,India,Fleet,2021-11-04,Silver
CUST000690,Robert Holland,Japan,Corporate,2026-06-24,Silver
CUST000691,Tracy Hutchinson,Canada,Individual,2023-02-02,Silver
CUST000692,Nathan Wilson,USA,Individual,2022-01-22,Silver
CUST000693,Ashley Phillips,India,Individual,2023-03-02,Platinum
CUST000694,Maria Moore,UAE,Fleet,2026-03-22,Platinum
CUST000695,Jeffrey Delgado,Canada,Individual,2023-03-21,Silver
CUST000696,George Miller,Germany,Individual,2023-12-16,Gold
CUST000697,Dustin Smith,Australia,Fleet,2025-08-17,Platinum
CUST000698,Tammy Mccarthy,UAE,Fleet,2025-01-07,Gold
CUST000699,John Fernandez,USA,Individual,2026-06-08,Silver
CUST000700,Matthew Kerr,UAE,Individual,2024-06-20,Gold
CUST000701,Kathryn Cole,Australia,Corporate,2022-09-18,Gold
CUST000702,Melissa Coleman,Japan,Fleet,2021-08-10,Platinum
CUST000703,Veronica Wilcox,UAE,Fleet,2025-06-18,Silver
CUST000704,Kathleen Evans,UAE,Fleet,2022-06-26,Silver
CUST000705,Peter Trujillo,Australia,Corporate,2025-05-09,Gold
CUST000706,Scott Fuentes,Australia,Individual,2023-07-07,Platinum
CUST000707,Carrie Hill,Japan,Corporate,2026-04-24,Platinum
CUST000708,Melissa Bentley,USA,Individual,2023-07-21,Silver
CUST000709,Desiree Smith,UAE,Fleet,2022-10-22,Silver
CUST000710,Bradley Parker,UAE,Individual,2024-02-21,Gold
CUST000711,Ray Smith,UAE,Fleet,2024-10-07,Platinum
CUST000712,David Bates,Canada,Fleet,2024-07-31,Gold
CUST000713,Tiffany Moore,Germany,Fleet,2024-04-26,Platinum
CUST000714,Ronald Jones,UAE,Individual,2026-06-04,Platinum
CUST000715,Ariel Wright,USA,Individual,2025-08-06,Gold
CUST000716,Elijah Schmitt,UAE,Corporate,2021-12-21,Gold
CUST000717,Taylor Kelly,Germany,Individual,2022-06-08,Silver
CUST000718,Shelia Wells,Germany,Corporate,2025-02-06,Platinum
CUST000719,Kenneth Moore,USA,Individual,2026-06-14,Gold
CUST000720,Jo Brown,USA,Fleet,2022-02-07,Gold
CUST000721,Kelly Hall,India,Individual,2021-08-18,Platinum
CUST000722,Amanda Garcia,India,Corporate,2025-09-30,Gold
CUST000723,Mrs. Lauren Prince,Japan,Corporate,2021-08-09,Gold
CUST000724,Vanessa Brown,Germany,Fleet,2023-08-30,Gold
CUST000725,John Smith,UAE,Fleet,2026-04-23,Silver
CUST000726,Elizabeth Carlson,Germany,Fleet,2026-06-04,Gold
CUST000727,Sheryl Aguilar,USA,Individual,2026-01-30,Gold
CUST000728,Jared Lewis,Australia,Corporate,2022-05-20,Platinum
CUST000729,Richard Dawson,Canada,Individual,2023-11-20,Silver
CUST000730,Douglas Adams,Germany,Fleet,2024-08-18,Silver
CUST000731,Brittany Brown,India,Corporate,2025-06-05,Gold
CUST000732,David Smith,USA,Corporate,2024-04-08,Silver
CUST000733,Christina Frazier,Japan,Corporate,2025-04-12,Silver
CUST000734,Carly Smith,UAE,Fleet,2023-04-09,Silver
CUST000735,Maria Sanford,Canada,Corporate,2025-04-12,Platinum
CUST000736,Amanda Lopez,Canada,Fleet,2023-01-16,Platinum
CUST000737,Tony Miller,Germany,Corporate,2022-03-27,Platinum
CUST000738,Alejandro Fuller,Japan,Fleet,2025-11-12,Silver
CUST000739,Alyssa Escobar,Canada,Corporate,2024-09-16,Platinum
CUST000740,Angelica Jennings,USA,Individual,2022-06-01,Silver
CUST000741,Brian Giles,USA,Individual,2022-05-05,Silver
CUST000742,Colleen Byrd,Australia,Fleet,2021-10-02,Silver
CUST000743,Lisa Quinn,USA,Fleet,2024-06-30,Silver
CUST000744,Kristopher Payne,Japan,Corporate,2024-01-10,Silver
CUST000745,Tiffany Moss,Canada,Individual,2023-06-24,Gold
CUST000746,Jennifer Jones,USA,Individual,2022-06-29,Platinum
CUST000747,Mark Chase,UAE,Individual,2025-11-06,Gold
CUST000748,Katelyn Collins,Australia,Corporate,2021-12-09,Platinum
CUST000749,Timothy Walker,India,Corporate,2023-04-20,Gold
CUST000750,Kristen Ramos,USA,Fleet,2022-05-18,Silver
CUST000751,Cassandra Wright,Canada,Fleet,2023-08-06,Gold
CUST000752,Jesse Phillips,Germany,Fleet,2026-01-06,Gold
CUST000753,Anthony Nelson,UAE,Corporate,2022-02-28,Gold
CUST000754,Jennifer Smith,Australia,Individual,2022-10-25,Gold
CUST000755,James Johnson,UAE,Individual,2023-09-23,Silver
CUST000756,Kenneth Moreno,Germany,Fleet,2021-07-08,Silver
CUST000757,Patrick Walsh,India,Corporate,2022-07-02,Silver
CUST000758,Jennifer Davis,Japan,Fleet,2021-07-08,Gold
CUST000759,Blake Vega,UAE,Fleet,2023-10-03,Silver
CUST000760,Vincent Thomas,Japan,Corporate,2025-01-18,Gold
CUST000761,Lee Miller,India,Corporate,2026-01-13,Platinum
CUST000762,Anthony Evans,Japan,Corporate,2021-09-17,Platinum
CUST000763,Dakota Bauer,Canada,Fleet,2023-08-30,Platinum
CUST000764,Laurie Ellis,Germany,Corporate,2025-10-09,Silver
CUST000765,Alison Fisher,Japan,Fleet,2025-08-10,Silver
CUST000766,Jerry York,Japan,Fleet,2024-11-13,Silver
CUST000767,Brian Jackson,Australia,Individual,2024-05-25,Platinum
CUST000768,Andrea Anderson,Australia,Corporate,2026-04-14,Silver
CUST000769,Kimberly Larsen,Australia,Individual,2024-03-04,Gold
CUST000770,Kimberly Curtis,Japan,Fleet,2026-05-17,Silver
CUST000771,Veronica Jackson,USA,Fleet,2023-05-16,Platinum
CUST000772,Kimberly Davis,USA,Fleet,2023-04-06,Platinum
CUST000773,Debra Buchanan,UAE,Fleet,2021-11-12,Silver
CUST000774,Tiffany Dunlap,Japan,Fleet,2025-02-14,Gold
CUST000775,John Schwartz,India,Individual,2024-04-18,Platinum
CUST000776,Miguel Guerrero,Canada,Corporate,2022-06-22,Platinum
CUST000777,Jennifer Hartman,USA,Corporate,2024-07-10,Silver
CUST000778,Angela Lopez,Australia,Fleet,2024-06-08,Platinum
CUST000779,Amanda Brown,UAE,Corporate,2026-01-12,Silver
CUST000780,Evelyn Valdez,Australia,Fleet,2024-03-22,Gold
CUST000781,Richard Moreno,Japan,Corporate,2024-10-23,Silver
CUST000782,Daniel Rubio,Australia,Fleet,2024-02-25,Silver
CUST000783,Bradley Hamilton,Canada,Corporate,2024-11-14,Gold
CUST000784,Steven Hooper,Germany,Corporate,2026-02-21,Platinum
CUST000785,John Berry,Japan,Individual,2025-02-21,Gold
CUST000786,Mitchell Duran,UAE,Corporate,2023-10-06,Gold
CUST000787,Brittany Avila,Canada,Fleet,2024-01-10,Platinum
CUST000788,Melissa Zamora,UAE,Corporate,2023-06-28,Gold
CUST000789,Tammy Watson,Australia,Corporate,2026-02-26,Gold
CUST000790,Jason Stewart,UAE,Corporate,2023-11-26,Silver
CUST000791,Natalie Lopez DDS,USA,Fleet,2021-11-13,Silver
CUST000792,Martha Johnson,USA,Individual,2025-03-15,Gold
CUST000793,Christina Dyer,UAE,Corporate,2023-10-29,Gold
CUST000794,Leslie Galloway,USA,Fleet,2025-06-09,Gold
CUST000795,Patricia Hernandez,USA,Corporate,2021-11-04,Gold
CUST000796,Tracy Lloyd,Japan,Individual,2023-01-26,Silver
CUST000797,Cathy Sanders,UAE,Corporate,2025-01-19,Gold
CUST000798,Victoria Chang,Australia,Corporate,2025-08-15,Gold
CUST000799,Aaron Curtis,Germany,Fleet,2023-08-07,Platinum
CUST000800,Dale Dillon,Japan,Fleet,2021-12-02,Silver
CUST000801,Melissa Navarro,USA,Individual,2022-05-16,Gold
CUST000802,Karen Weiss,Canada,Individual,2022-01-01,Gold
CUST000803,Jessica Sellers,USA,Fleet,2026-04-27,Silver
CUST000804,Michael Rios,UAE,Individual,2022-06-01,Platinum
CUST000805,Susan Ward,India,Corporate,2023-08-24,Platinum
CUST000806,Lauren Holloway DDS,Australia,Fleet,2022-01-26,Gold
CUST000807,Mr. Martin Ross IV,Japan,Individual,2025-06-01,Silver
CUST000808,Mikayla Davis DDS,Australia,Fleet,2021-10-14,Gold
CUST000809,Carla Morgan,UAE,Fleet,2024-03-16,Silver
CUST000810,Michelle Vazquez,USA,Individual,2025-06-27,Silver
CUST000811,Kathleen Flores,USA,Individual,2021-09-24,Platinum
CUST000812,Grant Swanson,India,Corporate,2025-12-10,Silver
CUST000813,Andrew Merritt,Germany,Individual,2023-10-13,Platinum
CUST000814,Claire Richard,UAE,Corporate,2024-09-24,Silver
CUST000815,Theresa Day,Germany,Corporate,2022-04-10,Silver
CUST000816,Bridget Anderson,UAE,Fleet,2024-09-13,Silver
CUST000817,Teresa Stevens,UAE,Corporate,2025-11-25,Gold
CUST000818,Samantha Wong,Australia,Fleet,2024-11-05,Gold
CUST000819,Kristina Frederick,India,Fleet,2022-01-05,Silver
CUST000820,John Flores,Canada,Corporate,2024-03-09,Platinum
CUST000821,Brian Hall,Japan,Fleet,2025-08-02,Platinum
CUST000822,Paula Underwood,Australia,Individual,2022-05-04,Silver
CUST000823,Eric Garcia,Canada,Individual,2023-04-30,Platinum
CUST000824,Tracey Garcia,UAE,Corporate,2025-11-09,Gold
CUST000825,Paula Dixon,Australia,Individual,2025-11-26,Gold
CUST000826,Matthew Cameron,UAE,Corporate,2023-11-26,Silver
CUST000827,Shane Carlson,Japan,Fleet,2024-06-25,Gold
CUST000828,Barbara Herrera,Australia,Fleet,2021-12-02,Platinum
CUST000829,Mr. Phillip Morales,Australia,Individual,2025-08-19,Silver
CUST000830,Susan Stevens,Canada,Fleet,2024-02-27,Platinum
CUST000831,Tyler Fields,Canada,Fleet,2021-08-15,Platinum
CUST000832,Patricia Lopez,Australia,Fleet,2021-10-28,Gold
CUST000833,Howard Cannon,Australia,Individual,2023-05-07,Platinum
CUST000834,Dana Harris DDS,Germany,Individual,2022-01-25,Gold
CUST000835,Robert Shaffer,India,Fleet,2023-08-10,Silver
CUST000836,Kelly Parker,UAE,Individual,2026-01-18,Platinum
CUST000837,Mr. Daniel Cruz,UAE,Fleet,2024-06-23,Silver
CUST000838,John Parker,Japan,Corporate,2021-12-01,Platinum
CUST000839,Debbie Stevens,Germany,Individual,2024-08-16,Platinum
CUST000840,Melissa Brady,USA,Fleet,2025-08-06,Platinum
CUST000841,Nathan Cooper,Australia,Fleet,2024-03-18,Silver
CUST000842,Steven Harrison,Japan,Individual,2026-04-29,Platinum
CUST000843,Anthony Nelson,Canada,Fleet,2023-10-23,Platinum
CUST000844,Mark Tanner,USA,Corporate,2025-10-22,Silver
CUST000845,Joanna Owen,USA,Individual,2024-10-05,Gold
CUST000846,Michelle Garcia,Japan,Corporate,2025-12-08,Gold
CUST000847,Don Chavez,USA,Corporate,2024-03-16,Gold
CUST000848,Jason Silva MD,Germany,Individual,2021-10-21,Silver
CUST000849,Roger Miller,Canada,Corporate,2022-09-13,Platinum
CUST000850,Maureen Andrews,Canada,Corporate,2025-12-27,Platinum
CUST000851,Amanda Brooks,Australia,Individual,2024-08-24,Gold
CUST000852,Eddie Porter,Canada,Individual,2021-12-12,Silver
CUST000853,James Moore,Germany,Fleet,2025-10-24,Platinum
CUST000854,Heather Smith,UAE,Fleet,2021-08-19,Platinum
CUST000855,Joseph Chen,UAE,Fleet,2023-05-18,Platinum
CUST000856,Jose Martinez,Canada,Fleet,2024-08-14,Platinum
CUST000857,Angela Oliver,Australia,Individual,2023-09-29,Silver
CUST000858,Christopher Merritt,India,Fleet,2025-01-23,Gold
CUST000859,Lawrence Reyes,Germany,Corporate,2023-12-19,Gold
CUST000860,Michelle Larson,Canada,Fleet,2021-10-28,Silver
CUST000861,Meghan Burke,USA,Corporate,2021-11-09,Gold
CUST000862,Rita Simon,India,Individual,2025-03-30,Platinum
CUST000863,Marcus Gonzalez,UAE,Individual,2024-07-02,Gold
CUST000864,Mr. Darin Lamb,Germany,Corporate,2025-06-27,Gold
CUST000865,Charles Ware,Australia,Fleet,2025-11-12,Platinum
CUST000866,Adam Ramirez,UAE,Corporate,2026-03-22,Gold
CUST000867,Beverly White,UAE,Individual,2022-07-25,Silver
CUST000868,Dawn Cruz,Canada,Fleet,2023-12-19,Platinum
CUST000869,Scott Thompson,Australia,Fleet,2021-12-29,Platinum
CUST000870,Emily King,Japan,Individual,2025-12-21,Platinum
CUST000871,Justin Alvarez,India,Fleet,2025-11-01,Gold
CUST000872,Caroline Brown,Canada,Corporate,2025-01-05,Silver
CUST000873,Sara Landry,India,Individual,2024-08-31,Gold
CUST000874,William Harrison,India,Fleet,2024-11-16,Gold
CUST000875,Frederick Wallace,Germany,Corporate,2021-11-14,Silver
CUST000876,Walter Burton,Germany,Fleet,2023-08-27,Silver
CUST000877,Allison Gonzalez,USA,Individual,2023-01-15,Silver
CUST000878,Donna Garcia,Canada,Individual,2024-06-14,Silver
CUST000879,Thomas Patel,India,Fleet,2025-12-10,Gold
CUST000880,Jesus Cortez,Canada,Individual,2023-10-15,Gold
CUST000881,Joseph Leonard,Japan,Fleet,2024-10-13,Silver
CUST000882,Thomas Johnson,USA,Fleet,2025-06-02,Gold
CUST000883,Marc Rivera,UAE,Individual,2024-06-20,Silver
CUST000884,Tyler Hudson,USA,Corporate,2022-08-29,Gold
CUST000885,Michael Nichols,USA,Individual,2021-11-27,Gold
CUST000886,Karina Farmer,Japan,Fleet,2024-02-10,Silver
CUST000887,Stacey Nguyen,Canada,Individual,2025-01-27,Silver
CUST000888,Jennifer Jones,Canada,Corporate,2025-04-13,Platinum
CUST000889,Latoya Little,Canada,Individual,2023-07-22,Gold
CUST000890,Luke Joyce,Australia,Individual,2025-03-24,Platinum
CUST000891,Deborah Ochoa,Germany,Individual,2023-01-19,Platinum
CUST000892,Ashley King,Japan,Individual,2024-04-08,Gold
CUST000893,Natasha Mcdonald,Japan,Corporate,2026-03-13,Gold
CUST000894,Gregory Shaw,Canada,Individual,2022-05-15,Silver
CUST000895,Kristy Roman,India,Individual,2022-02-09,Silver
CUST000896,Derek Owens,India,Fleet,2023-11-26,Platinum
CUST000897,Crystal Hernandez,UAE,Individual,2023-04-17,Silver
CUST000898,Jennifer Johnson,Australia,Individual,2022-08-13,Silver
CUST000899,Rachel Campbell,Canada,Corporate,2026-04-28,Platinum
CUST000900,Kaitlyn Sullivan,Canada,Individual,2023-07-19,Gold
CUST000901,Elizabeth Mueller,India,Individual,2024-12-20,Platinum
CUST000902,Mr. Allen Arroyo,India,Corporate,2021-08-30,Silver
CUST000903,Michele Mcdonald,Germany,Individual,2025-01-28,Platinum
CUST000904,Nancy Ferrell,Australia,Fleet,2025-09-23,Gold
CUST000905,Kelli Crawford,Japan,Corporate,2024-06-20,Platinum
CUST000906,Nicole Atkinson,Australia,Fleet,2024-08-28,Silver
CUST000907,William Hicks,UAE,Individual,2024-08-10,Platinum
CUST000908,Kristi Gonzalez,UAE,Corporate,2022-08-30,Gold
CUST000909,Seth Gray,Germany,Fleet,2025-09-18,Gold
CUST000910,Kenneth Hoover,USA,Individual,2022-05-14,Platinum
CUST000911,Samuel Price,USA,Fleet,2024-04-03,Silver
CUST000912,Tyler Dodson,Canada,Corporate,2023-07-15,Silver
CUST000913,Dean Avila,Australia,Corporate,2025-04-03,Gold
CUST000914,Sean Garcia,Germany,Fleet,2023-12-23,Silver
CUST000915,Angela Hansen,Germany,Corporate,2026-01-27,Gold
CUST000916,Kevin Vasquez,Australia,Individual,2021-11-10,Platinum
CUST000917,David Clark,Germany,Fleet,2024-03-03,Silver
CUST000918,Johnny Glenn,UAE,Fleet,2021-06-30,Platinum
CUST000919,Shawn Henderson,India,Corporate,2022-06-28,Platinum
CUST000920,Carlos Duncan,India,Individual,2025-08-18,Gold
CUST000921,Donald Barnes,USA,Fleet,2022-10-04,Gold
CUST000922,Breanna Lamb,UAE,Corporate,2022-01-30,Silver
CUST000923,Troy Rich,USA,Individual,2025-05-15,Silver
CUST000924,Traci Perez,Australia,Corporate,2026-02-14,Platinum
CUST000925,Courtney Henry,Australia,Fleet,2023-08-11,Platinum
CUST000926,John Lopez,UAE,Individual,2025-09-22,Silver
CUST000927,Nicole Marshall,Japan,Individual,2022-06-26,Platinum
CUST000928,Gary Garcia,USA,Individual,2023-11-02,Gold
CUST000929,Jeffrey Peters,Canada,Corporate,2024-11-15,Silver
CUST000930,Jamie Davila,India,Individual,2025-12-16,Silver
CUST000931,Michael Murphy,Canada,Individual,2023-05-03,Gold
CUST000932,Karen Romero,Germany,Corporate,2023-12-29,Silver
CUST000933,Teresa Peterson,UAE,Fleet,2023-05-03,Gold
CUST000934,Cynthia Hines,Germany,Fleet,2022-09-11,Gold
CUST000935,Kimberly Fry,Germany,Fleet,2023-10-18,Platinum
CUST000936,Dale Newton,Australia,Individual,2023-03-04,Platinum
CUST000937,George Martinez,India,Corporate,2022-02-21,Gold
CUST000938,David Jones,Australia,Individual,2023-09-14,Platinum
CUST000939,Cynthia Williams,India,Corporate,2022-02-12,Silver
CUST000940,Jacob Rodriguez,USA,Corporate,2022-02-23,Gold
CUST000941,Samuel Taylor,Germany,Corporate,2022-10-06,Platinum
CUST000942,Nicole Gray MD,Germany,Fleet,2025-07-30,Platinum
CUST000943,Elizabeth Abbott DDS,Germany,Corporate,2023-06-06,Silver
CUST000944,Michael Davis,Japan,Fleet,2025-04-30,Silver
CUST000945,Morgan Morgan,Germany,Corporate,2022-04-24,Gold
CUST000946,Brandi Davis,Germany,Corporate,2026-02-14,Gold
CUST000947,Pamela Jackson,UAE,Individual,2023-09-04,Gold
CUST000948,Emma Maldonado,Canada,Corporate,2025-02-17,Gold
CUST000949,Jerome Kelly,Australia,Fleet,2026-05-16,Platinum
CUST000950,Jeremy Fleming,Germany,Corporate,2021-10-06,Silver
CUST000951,Edward Baker,Canada,Corporate,2022-10-15,Platinum
CUST000952,Nicholas Shaw,Canada,Corporate,2026-04-21,Silver
CUST000953,Brandon Williams,Canada,Individual,2023-12-09,Platinum
CUST000954,Michael Hardy,Canada,Corporate,2022-06-16,Gold
CUST000955,Thomas Griffith,Germany,Corporate,2024-11-03,Gold
CUST000956,William Freeman,India,Fleet,2023-01-19,Gold
CUST000957,Adam Jones,USA,Fleet,2021-07-15,Silver
CUST000958,Melanie Gilmore,Japan,Fleet,2026-01-26,Platinum
CUST000959,Tyler Bowers,UAE,Fleet,2022-07-30,Silver
CUST000960,Ashley Reed,Germany,Individual,2021-08-25,Platinum
CUST000961,Nicole Calhoun,Canada,Fleet,2023-02-08,Silver
CUST000962,Darrell Ramirez,Germany,Individual,2025-11-28,Silver
CUST000963,Clayton Gonzalez,UAE,Fleet,2025-08-14,Platinum
CUST000964,Michelle Reyes,UAE,Corporate,2025-03-09,Gold
CUST000965,Tony Jennings,USA,Corporate,2022-04-28,Silver
CUST000966,Stephanie Hughes,India,Individual,2023-07-09,Silver
CUST000967,Gregory Garcia,Canada,Individual,2022-04-04,Silver
CUST000968,Donald Owens,Canada,Individual,2025-01-04,Platinum
CUST000969,Daniel Huber,USA,Fleet,2023-02-01,Platinum
CUST000970,John Vega,USA,Fleet,2023-05-19,Silver
CUST000971,Mrs. Jenna Werner,UAE,Individual,2022-06-07,Gold
CUST000972,Kelly Johnson,Australia,Corporate,2022-05-15,Platinum
CUST000973,Becky Brown,Germany,Fleet,2022-02-12,Gold
CUST000974,Nicolas Rivera Jr.,Australia,Fleet,2025-10-23,Silver
CUST000975,Natasha Mclean,Japan,Fleet,2023-11-08,Platinum
CUST000976,Patrick Walters,India,Fleet,2021-11-27,Gold
CUST000977,John Rogers,USA,Corporate,2024-05-25,Platinum
CUST000978,Steven Kim,Australia,Individual,2023-05-05,Silver
CUST000979,Marc Jones,India,Corporate,2022-04-28,Silver
CUST000980,Brandon Robinson,India,Fleet,2025-10-19,Gold
CUST000981,Amanda Marshall,Japan,Individual,2022-09-07,Gold
CUST000982,Tiffany Martin,Australia,Individual,2021-12-27,Silver
CUST000983,Steven Coleman,Japan,Individual,2024-11-04,Gold
CUST000984,Rebecca Davis,USA,Individual,2022-05-24,Platinum
CUST000985,Hunter Todd,India,Fleet,2022-11-01,Gold
CUST000986,Kathryn Alexander,Germany,Fleet,2025-08-23,Silver
CUST000987,Yvonne White,Germany,Corporate,2023-08-04,Silver
CUST000988,Kyle Scott,UAE,Individual,2023-05-12,Silver
CUST000989,Tiffany Wells,India,Fleet,2024-07-19,Silver
CUST000990,Megan Carlson,Japan,Corporate,2024-09-22,Silver
CUST000991,Victor Kirby,Canada,Individual,2026-05-13,Platinum
CUST000992,Sarah Stephenson,Japan,Fleet,2023-04-11,Gold
CUST000993,Christopher Watson,Canada,Corporate,2024-08-27,Gold
CUST000994,Jacqueline Fernandez,Germany,Individual,2024-10-13,Silver
CUST000995,Gary Wood,UAE,Individual,2024-12-06,Gold
CUST000996,Jimmy Callahan,Japan,Fleet,2023-10-08,Gold
CUST000997,Sydney Vance,Germany,Corporate,2025-12-17,Gold
CUST000998,Kenneth Cross,UAE,Individual,2022-10-08,Platinum
CUST000999,Kathryn Hebert,Canada,Fleet,2025-09-28,Gold
CUST001000,James Howard,Germany,Corporate,2021-07-21,Platinum
